article_id,source_type,source_index,url,content_type,title,text,scraped_date,scrape_status
0,false,0,https://www.threads.com/@hsuliz2021/post/DZpvMe1EnEK?xmt=AQG0pOlJszptsGaeqnvxAA2hDCl0TrUEbgUvSGMtBnrty6MVmxZHtGSVMULwV19jHWrQO3w&slof=1,social_media,,,2026-06-28T03:05:00Z,error
0,true,0,https://www.instagram.com/p/DZt34zcCXNJ/?igsh=MXNjOWxkaGQwYnR6bA==,social_media,,,2026-06-28T03:05:02Z,error
0,true,1,https://magma.esdm.go.id/,skip,,,2026-06-28T03:05:04Z,skipped
0,true,2,http://geologi.esdm.go.id,skip,,,2026-06-28T03:05:06Z,skipped
0,true,3,https://www.instagram.com/badan.geologi?igsh=MTZ2eDJyaXU2NnUxbA==,social_media,,,2026-06-28T03:05:07Z,error
0,true,4,https://x.com/badangeologi_,social_media,,"Masuk Daftar Badan Geologi 3,725 posts Badan Geologi @badangeologi_ Badan Geologi @ kementerianESDM 🇲🇨 | Informasi geologi, vulkanologi, mitigasi bencana, sumber daya mineral, dan air tanah Indonesia | ✉️ [email protected] Kota Bandung, Jawa Barat linktr.ee/badangeologi_ Bergabung February 2017 22 Mengikuti 12.2K Pengikut Badan Geologi @badangeologi_ 4 Jan 2019 Halo selamat pagi sobat geologi..kami dpt menginformasikan tlh terjadi erupsi G. Anak Krakatau, Lampung pd tgl 03 Jan 2019 pukul 20:33 WIB namun tinggi kolom abu tidak teramati. Erupsi terekam di seismogram dgn amplitudo maks 25 mm & durasi ± 13 menit 55 dtk. Teramati sinar api Badan Geologi @badangeologi_ 30 Des 2018 Selamat pagi sobat geologi..kami informasikan update terkini informasi Gunung Anak Krakatau periode 29-30 Des 2018..kami mohon kpd masyarakat sekitar tdk diperbolehkan Gunung Anak Krakatau sejauh radius 5 km & agar menyiapkan masker utk mengantisipasi jika terjadi hujan debu Badan Geologi @badangeologi_ 7 Agu 2019 Sobat geologi, Aktivitas erupsi efusif G. Karangetang teramati guguran lava ke arah Barat yaitu ke Kali Pangi dan Kali Nanitu sejauh maksimum 1500 m dari puncak dan ke arah Kali Sense sejauh maksimum 1750 m dari puncak. Badan Geologi @badangeologi_ 26 Jul 2019 Video ini diambil langsung oleh Pengamat Gn. Api Tangkuban Parahu pada pukul 17.30 WIB tanggal 26 Juli 2019 00:00 Badan Geologi @badangeologi_ 7 Jul 2025 Terjadi erupsi G. Lewotobi Laki-laki pada hari Senin, 07 Juli 2025, pukul 11:05 WITA tinggi kolom abu teramati ± 18000 m di atas puncak. Erupsi terekam di seismograf dengan amplitudo maksimum 47.3 mm dan durasi 386 detik. magma.esdm.go.id/v1/gunung-api/… via @ id_magma 52K Badan Geologi @badangeologi_ 27 Jul 2019 Kondisi visual Kawah Ratu Gn.Tangkuban Parahu pkl 09.06 WIB 27/07/2019 berupa hembusan gas & uap air.Rekaman tremor trs menerus dominan 2mm cenderung turun saat ini. PVMBG akan memantau terus aktifitasnya & direkomendasikan kpd msyrkt utk tdk mendekati radius 500m dr kawah aktif Badan Geologi @badangeologi_ 13 Jan 2019 Sobat Geologi, Dr. Supartoyo, Penyelidik Bumi dr PVMBG Badan Geologi hari Minggu (13/01/2019) mengambil gambar G. Anak Krakatau. #gununganakkrakatau #mountains #indonesia #kabargeologi 00:00 Badan Geologi @badangeologi_ 5 Jan 2019 Sobat Geologi, Mitigasi Bencana Geologi KESDM untuk Gunungapi terdiri dari peringatan dini, tanggap darurat, penyelidikan, pemetaan, sosialisasi dan peringatan dini. Aktivitas gunungapi yang diamati secara intensif selama tahun 2018 ini bisa dilihat di infografis berikut. Badan Geologi @badangeologi_ 8 Jan 2019 Hallo sobat geologi, Berikut ini geomin berbagi info tentang tipe gunung api dilihat dari aktivitasnya. Indonesia memiliki 129 gunung api terdiri gunung api tipe A sebanyak 79 buah, gunung api tipe B sebanyak 29 buah dan tipe C berjumlah 21 buah. Badan Geologi @badangeologi_ 23 Jan 2019 Hallo Sobat.. Awan lentikular menghiasi puncak Gunung Agung pada hari Rabu, (23/01/2019) pada pagi hari. Awan lentikular adalah awan yang berbentuk piring atau topi raksasa yang biasa ditemukan diatas bukit/gunung. Badan Geologi @badangeologi_ 13 Jan 2019 Hallo sobat-sobat geologi, Selamat berakhir pekan... kembali melanjutkan postingan tentang tipe-tipe aktivitas gunung api, Geomin bagikan info kaitan antara aktivitas gunung api (magmatisme) dan bentukannya... Kkuy kita cek infografisnya ... Semoga bermanfaat. Badan Geologi @badangeologi_ 27 Des 2018 Halo selamat pagi sobat-sobat geologi.. Akhir-akhir ini sedang hangat-hangatnya pembahasan gunung api sehubungan dengan adanya peningkatan aktivitas beberapa gunung api seperti G. Sinabung, G. Agung, G. Soputan dan yang terakhir tentu saja G. Anak Krakatau Badan Geologi @badangeologi_ 31 Des 2018 Sobat Geologi, Berdasarkan Laporan Kepala Badan Geologi Rudy Suhendar hari ini Senin 31/12/2018 yang dirilis untuk rekomendasi kepada BNPB, BMKG, Gubernur Provinsi Banten & Gubernur Provinsi Lampung mengenai kondisi terakhir G. Anak Krakatau, disampaikan rekomendasi sbg berikut: Badan Geologi @badangeologi_ 25 Jun 2018 Telah terjadi erupsi G. Anak Krakatau, Lampung pd 25/06/2018 pkl 07:14 WIB dgn tinggi kolom abu teramati ± 1.000 m di atas puncak (± 1.305 m di atas permukaan laut). Kolom abu teramati berwarna hitam dgn intensitas tebal condong ke arah utara. Don't miss what's happening Orang-orang di X tahu lebih dulu. Masuk Daftar",2026-06-28T03:05:09Z,ok
0,true,5,https://www.detik.com/jatim/wisata/d-7310791/8-fakta-menarik-gunung-lawu-yang-berstatus-istirahat,news_site,8 Fakta Menarik Gunung Lawu yang Berstatus 'Istirahat',"8 Fakta Menarik Gunung Lawu yang Berstatus 'Istirahat' Azkia Nurfajrina - detikJatim Kamis, 25 Apr 2024 20:45 WIB Daftar Isi Fakta Menarik Gunung Lawu 1. Termasuk Gunung Tertinggi di Pulau Jawa 2. Status Gunung Lawu Masih Aktif 3. Terdapat 4 Jalur Pendakian 4. Keberadaan 2 Komplek Candi 5. Ada Warung Tertinggi di Indonesia 6. Keberadaan Jalak Lawu 7. Punya Banyak Tempat Sakral 8. Terkenal Angker - Gunung Lawu terletak di antara dua provinsi, Jawa Timur dan Jawa Tengah. Secara administratif, gunung ini masuk ke beberapa kabupaten: Ngawi, Magetan, dan Karanganyar. Gunung Lawu jadi salah satu tujuan favorit untuk wisata maupun pendakian. Lanskap alamnya yang asri nan mempesona sangat memanjakan mata siapa saja yang memandangnya. Tapi tahukah kamu, Gunung Lawu menyimpan sejumlah fakta menarik lho. Penasaran? Simak pada uraian di bawah ya. SCROLL TO CONTINUE WITH CONTENT Fakta Menarik Gunung Lawu Sebelum berwisata ataupun mendaki ke sana, kamu bisa cek terlebih dahulu fakta-fakta tentang Gunung Lawu. Ada apa saja? Berikut fakta menarik Gunung Lawu di 1. Termasuk Gunung Tertinggi di Pulau Jawa Gunung Lawu memiliki ketinggian 3.256 meter di atas permukaan laut (mdpl). Uniknya juga, gunung ini punya tiga puncak, yaitu Hargo Dalem, Hargo Dumiling, dan Hargo Dumilah. Puncak tertingginya adalah Hargo Dumilah yang ditandai dengan tugu triangulasi. ADVERTISEMENT Dengan ketinggiannya, Gunung Lawu menempati posisi ke-6 gunung tertinggi di Pulau Jawa, merujuk catatan detikEdu. 2. Status Gunung Lawu Masih Aktif Gunung Lawu merupakan gunung berapi berstatus 'istirahat' karena telah lama tidak menunjukkan aktivitas vulkanik yang signifikan. Meski begitu, sebenarnya status Gunung Lawu itu masih aktif. Dikutip dari situs resmi Karanganyar Kab, Gunung Lawu tergolong gunung api tipe B. Gunung api tipe ini tidak mengalami erupsi magmatik setelah tahun 1600-an. Walau begitu, masih memperlihatkan gejala seperti adanya solfatara yang mengeluarkan gas belerang. Gunung api tipe B diketahui bisa mengalami erupsi kembali bahkan setelah ratusan tahun mengalami dorman (istirahat). Sekalinya kembali meletus, intensitas letusan gunung ini bisa lebih besar. Erupsi terakhir Gunung Lawu tercatat terjadi pada 28 November 1885. Hingga sekarang, gunung ini dilaporkan tidak mengalami erupsi. Namun itu bukan berarti bahwa gunung ini tidak akan bisa meletus lagi ya. 3. Terdapat 4 Jalur Pendakian Terdapat empat jalur pendakian Gunung Lawu yang umum dilewati oleh para pendaki. Keempatnya adalah Cemoro Kandang, Candi Cetho, Cemoro Sewu, dan Singolangu. Keempat lintasan pendakian memiliki keunikannya masing-masing, Dikutip dari web Kabupaten Magetan, medan pendakian ke Gunung Lawu via Cemoro Kandang tidak terlalu curam dibandingkan Cemoro Sewu dan Candi Cetho. Sehingga jalur tersebut lebih ramah bagi pendaki, termasuk pemula. Jalur Singolangu disebutkan sebagai lintasan pendakian Gunung Lawu tertua di antara lainnya. Hal ini karena jalur tersebut diyakini sebagai tapak tilas Prabu Brawijaya V ketika pergi ke gunung itu untuk menghindar dari kejaran pasukan Raden Fatah. Pendaki yang melewatinya akan melihat sejumlah situs yang dipercaya sebagai petilasan Prabu Brawijaya V di sepanjang jalur Singolangu. 4. Keberadaan 2 Komplek Candi Di kawasan Gunung Lawu terdapat dua komplek percandian, yakni Candi Sukuh dan Candi Cetho. Kedua candi memiliki bangunan berbentuk teras berundak. Candi Sukuh terletak di lereng barat Gunung Lawu pada ketinggian 910 mdpl. Lokasinya di Desa Berjo, Ngargoyoso, Karanganyar, Jawa Tengah. Berdiri di lahan dengan sudut kemiringan 120 derajat dan bangunannya berorientasi ke arah timur. Sementara Candi Cetho berada di ketinggian 1496 mdpl, tepatnya di Desa Gumeng, Jenawi, Karanganyar. Candi ini dibangun di lahan dengan sudut kemiringan 150 derajat, dan juga bangunannya berorientasi ke arah timur, dikutip dari publikasi milik Pustaka Unpad. 5. Ada Warung Tertinggi di Indonesia Menariknya juga, di gunung ini terdapat sebuah warung yang dikenal sebagai warung tertinggi di Indonesia. Ialah Warung Mbok Yem yang terletak di puncak Gunung Lawu. Mbok Yem, pemilik warung, merupakan warga setempat. Ia menjual makanan dan minuman untuk para pendaki. Warung yang didirikannya disebut sebagai penyelamat para pendaki yang kehabisan logistik. 6. Keberadaan Jalak Lawu Di Gunung Lawu terdapat burung endemik yang dinamakan Jalak Lawu. Burung ini kerap muncul pada sore hari di kawasan pos 2 yang berada di ketinggian 700 mdpl. Jalak Lawu yang dikenal juga dengan Jalak Gading memiliki mitos tersendiri. Dikutip dari buku Mitos Gunung Lawu dalam Masyarakat Jawa karya Supriyanto, burung ini dipercaya sebagai jelmaan dari Wongso Menggolo. Wongso Menggolo adalah abdi setia Raja Brawijaya V. Konon, ia diamanatkan tugas dari rajanya untuk menjaga dan menolong anak keturunan Brawijaya ketika mendaki Gunung Lawu. 7. Punya Banyak Tempat Sakral Merujuk catatan detikJatim, Gunung Lawu memiliki banyak tempat yang disakralkan. Sejumlah tempat ini bahkan kerap didatangi peritual. Supriyanto, Kepala Resort Pemangkuan Hutan Sarangan, membeberkan bahwa lokasi sakral ini mencakup berbagai situs hingga gua yang dijadikan untuk tempat bersemedi. Di puncak Lawu, katanya, terdapat dua tempat sakral, yakni Gua Inten dan Gua Slarong. Sebagian tempat lainnya yakni Jolotundo, Khayangan, puncak Hargo Tiling dan Hargo Purso, Sendang Macan, Sambernyowo, Sendang Celeng, Lumbung Selayur, Gupak Menjangan, Sendang Drajat, dan Sabdo Palon. 8. Terkenal Angker Gunung Lawu dikenal sebagai gunung angker. Karena itu, siapa saja yang mendaki gunung ini diharap menjaga sopan santun perbuatan dan perkataannya. Di sisi lain, banyak mitos yang beredar tentang gunung ini. Salah satu mitos yang terkenal yaitu mengenai pasar setan. Konon, pasar setan ini muncul pada malam Jumat. Tak sedikit masyarakat setempat maupun pendaki bisa melihat serta merasakan hiruk pikuk pasar tersebut yang seperti sungguhan. Bahkan kabarnya, makhluk gaib di sana terkadang sampai ada yang mengajak para pendaki bertransaksi selayaknya di pasar. Nah, itu doa sederet fakta tentang Gunung Lawu yang berada di antara Provinsi Jawa Timur dan Jawa Tengah. Video: Gunung Semeru Erupsi, Masyarakat Diminta Waspada Video: Gunung Semeru Erupsi, Masyarakat Diminta Waspada (azn/fds) gunung lawu erupsi jawa timur jawa tengah",2026-06-28T03:05:12Z,ok
0,true,6,https://www.threads.com/@hsuliz2021/post/DZpvMe1EnEK?xmt=AQG0pOlJszptsGaeqnvxAA2hDCl0TrUEbgUvSGMtBnrty6MVmxZHtGSVMULwV19jHWrQO3w&slof=1,social_media,,,2026-06-28T03:05:14Z,error
0,true,7,http://archive.today/8jo4a,archive,,,2026-06-28T03:05:16Z,error
1,false,0,https://www.facebook.com/farid.hidayat.635136/posts/pfbid0UtKLUi54pxABqt7PpTHZQvpuT2mUjQnAAv2Ghfmmve9XP2D3J4EEDrwNNNsw8ohyl,social_media,,,2026-06-28T03:05:20Z,error
1,true,0,https://www.kompas.tv/info-publik/676022/pln-klarifikasi-isu-pemadaman-listrik-total-3-hari-nonstop-di-jawa-dan-bali-dipastikan-hoaks,news_site,"PLN Klarifikasi Isu Pemadaman Listrik Total 3 Hari Nonstop di Jawa dan Bali, Dipastikan Hoaks","HARIAN KOMPAS KOMPAS.COM KOMPASIANA.COM TRIBUNNEWS.COM KONTAN.CO.ID BOLASPORT.COM GRID.ID GRIDOTO.COM GRAMEDIA.COM KGMEDIA.ID LIVE TV REGISTER | LOGIN NEWS NASIONAL REGIONAL JABODETABEK INTERNASIONAL info publik ekonomi olahraga lifestyle ENTERTAINMENT TRAVEL & KULINER FASHION & KECANTIKAN kalam hati kiprah kolom OPINI CATATAN KOMPAS TV lestari presenters stage-u NEWS NASIONAL REGIONAL JABODETABEK INTERNASIONAL info publik ekonomi olahraga lifestyle ENTERTAINMENT TRAVEL & KULINER FASHION & KECANTIKAN kalam hati kiprah kolom OPINI CATATAN KOMPAS TV lestari presenters stage-u Kompas TV info publik info publik PLN Klarifikasi Isu Pemadaman Listrik Total 3 Hari Nonstop di Jawa dan Bali, Dipastikan Hoaks Kompas.tv - 20 Juni 2026, 18:33 WIB Share : Penulis : Dian Nita | Editor : Deni Muliya JAKARTA, KOMPAS.TV - Beredar di media sosial dan aplikasi percakapan sebuah informasi yang mengatasnamakan PLN terkait pemeliharaan jaringan terencana total di Jawa dan Bali yang diklaim akan menyebabkan pemadaman listrik selama tiga hari nonstop. Dalam unggahan yang beredar, disebutkan bahwa akan terjadi ""pemeliharaan jaringan terencana total di Jawa dan Bali"" pada 22 hingga 25 Juni 2026 yang mengakibatkan pemadaman listrik selama sekitar tiga hari. Bahkan, masyarakat diminta menyiapkan genset, power bank, hingga persediaan makanan. "" SELURUH PELANGGAN DI WILAYAH TERDAMPAK DI JAWA & BALI AKAN MENGALAMI PEMADAMAN LISTRIK TOTAL X SELAMA SEKITAR 3 HARI NON-STOP HARAP BERSIAP ,"" demikian tulisan dalam kabar tersebut. Baca Juga: PLN Minta Maaf atas Pemadaman Listrik Bergilir di Pulau Jawa, Ini Penyebabnya | SAPA PAGI Menanggapi informasi tersebut, PT PLN (Persero) memberikan klarifikasi resmi bahwa kabar mengenai pemadaman listrik total selama tiga hari di Pulau Jawa dan Bali adalah informasi palsu atau hoax. Executive Vice President Komunikasi Korporat dan TJSL PT PLN (Persero), Gregorius Adi Trianto menegaskan, informasi yang beredar tersebut tidak berasal dari PLN dan tidak dapat dipertanggungjawabkan kebenarannya. ""PT PLN (Persero) menegaskan bahwa informasi mengenai pemeliharaan jaringan terencana total di Jawa dan Bali yang akan mengakibatkan pemadaman selama 3 hari nonstop adalah tidak benar atau hoaks,"" kata Gregorius Adi Trianto saat dihubungi Kompas.tv, Sabtu (20/6/2026). PLN mengimbau masyarakat agar tidak mudah percaya terhadap informasi yang belum terverifikasi, terutama yang beredar melalui media sosial, grup percakapan, maupun unggahan tidak resmi. Masyarakat juga diminta untuk tidak ikut menyebarluaskan informasi yang belum dipastikan kebenarannya karena dapat menimbulkan keresahan di tengah masyarakat. ""Masyarakat dapat memperoleh informasi resmi terkait layanan dan operasional ketenagalistrikan melalui kanal komunikasi resmi PLN,"" lanjutnya. Baca Juga: Dirut PLN Tegaskan Proses Penyaluran Batubara Tingkat Menengah Mulai Mengalir ke Sejumlah PLTU Untuk memperoleh informasi terkait layanan kelistrikan, jadwal pemeliharaan, gangguan listrik, maupun operasional PLN, masyarakat disarankan hanya mengacu pada kanal komunikasi resmi PLN. Pihak PLN menegaskan, seluruh informasi resmi terkait layanan ketenagalistrikan akan disampaikan melalui saluran resmi perusahaan. Baik melalui situs web, aplikasi PLN Mobile, maupun akun media sosial resmi PLN. Dengan adanya klarifikasi ini, masyarakat tidak perlu khawatir terhadap isu pemadaman listrik total selama tiga hari di Jawa dan Bali karena informasi tersebut dipastikan hoaks dan tidak berasal dari PT PLN (Persero). TAG : pln pemadaman listrik pln pemadaman listrik 3 hari jawa bali hoax klarifikasi Sumber : Kompas TV KOMPASTV SHORTS BMKG Rilis Daftar Wilayah Berpotensi Hujan Lebat hingga 2 Juli 2026 #short Menkeu Purbaya Bentuk Tim Khusus Awasi Anggaran MBG hingga Seluruh Daerah #short Jokowi Safari Politik, Pengamat Singgung Pernyataan Kembali ke Solo dan jadi Rakyat Biasa #short PDIP Ingatkan PSI: Jokowi Jadi Presiden Selama 2 Periode karena PDI Perjuangan #short Motif Kasus Penganiayaan Caddy Golf di Tangerang, Pelaku Ditangkap di Bandar Lampung #short Lihat Semua BERITA LAINNYA Ekonomi dan Bisnis Harga Emas Antam Hari Ini 28 Juni 2026 Rp2.660.000 per Gram, Cek Daftar Lengkapnya 28 Juni 2026, 09:17 WIB Bali Nusa Tenggara Polisi Usut Kematian Dokter di NTT, Bakal Panggil 3 Anggota DPRD TTU terkait Dugaan Intimidasi 28 Juni 2026, 08:44 WIB MotoGP Bos Honda Team Asia Puji Kepercayaan Diri Veda Ega Pratama Jelang Balapan Moto3 Belanda 2026 28 Juni 2026, 08:30 WIB Hukum Kasus Kematian Dokter di NTT, Kemenkes Janji Investigasi Menyeluruh 28 Juni 2026, 08:16 WIB MotoGP Start dari Baris Ketiga di Moto3 Belanda 2026, Veda Ega Pratama Optimistis Tatap Balapan Utama 28 Juni 2026, 07:50 WIB KOMPAS DUNIA Cara Kim Jong-Un Unjuk Gigi ke Korea Selatan, Pamer Kekuatan Hulu Ledak Rudal Balistik 28 Juni 2026, 07:35 WIB Peristiwa BMKG Pantau Bibit Siklon 96W, 3 Wilayah Berpotensi Hujan Sangat Lebat Minggu 28 Juni 28 Juni 2026, 07:28 WIB Sepak Bola Hasil Kroasia vs Ghana: Vatreni Menang 2-1, Nikola Vlasic Jadi Pahlawan Kelolosan 28 Juni 2026, 07:22 WIB KOMPAS DUNIA Indonesia Sampaikan Duka Cita atas Gempa Bumi Venezuela, Tegaskan Solidaritas 28 Juni 2026, 07:15 WIB Sepak Bola Hasil Panama vs Inggris: Gol Jude Bellingham dan Harry Kane Bawa The Three Lions Juara Grup 28 Juni 2026, 07:09 WIB FOLLOW US Gabung ke Channel WhatsApp KompasTV untuk update berita terbaru dan terpercaya. VIDEO TERPOPULER 1 Hotman Geram! Sentil Komnas Perempuan yang Sebut Kasus Taufik Tak Masuk Kategori Penyiksaan 2 Demo Tolak Safari Politik di Lampung Tak Surutkan Optimisme Jokowi: PSI Lolos ke Senayan di 2029! 3 Polisi Jerat Tersangka Penganiayaan dan Penyekapan YTR dengan Pasal Berlapis | KOMPAS PETANG 4 Kriminolog Haniva Hasna Bahas Kasus Penganiayaan Caddy Golf oleh Kekasih | KOMPAS PETANG 5 Semula Dikira Pelaku Pejabat! Penganiaya Caddy Golf Ditangkap, Polisi Ungkap Statusnya 6 Ade Darmawan Curiga Ada Penumpang Gelap di Balik 50 Penjamin Roy Suryo, Ini Respons Kuasa Hukum 7 4 Peserta Latsarmil Koperasi Merah Putih Meninggal, Keluarga Minta Tanggung Jawab | SAPA PAGI 8 Purbaya Sebut Anggaran MBG Berpotensi Dihemat Lebih dari Rp40 Triliun | KOMPAS PETANG 9 Dedi Mulyadi Serahkan Uang Sayembara Rp250 Juta untuk Korban Penyekapan Taufik Hidayat 10 Demo Sambut Safari Politik Jokowi di Lampung, Targetkan PSI Lolos ke DPR pada 2029 | KOMPAS PETANG NEWS TRENDING 1 Respons PSI usai Massa Gelar Aksi Tolak Kedatangan Jokowi Safari Politik di Lampung 2 Reaksi Hizbullah Atas Kesepakatan Israel-Lebanon: Tak Akan Nyerah dan Peringatkan Perang Saudara 3 5 Orang Meninggal, Pengamat: Mengapa Calon Pengelola Kopdes-Kampung Nelayan Harus Ikuti Latsarmil? 4 BMKG Keluarkan Peringatan Dini Cuaca 28-29 Juni 2026, Mana Saja Wilayah yang Masih Hujan Lebat? 5 Dedi Mulyadi Sebut Sayembara Rp250 Juta yang Digelarnya Berdampak Psikologis pada Taufik Hidayat © 2026 KOMPASTV. A Subsidiary of KG Media . About Us • Cyber Media Guidelines • Term of Service • Privacy • Contact Us • Career Close Ads x x",2026-06-28T03:05:22Z,ok
1,true,1,https://www.facebook.com/farid.hidayat.635136/posts/pfbid0UtKLUi54pxABqt7PpTHZQvpuT2mUjQnAAv2Ghfmmve9XP2D3J4EEDrwNNNsw8ohyl,social_media,,,2026-06-28T03:05:24Z,error
1,true,2,https://archive.ph/wip/zcQc7,archive,,,2026-06-28T03:05:26Z,error
2,false,0,https://web.facebook.com/photo/?fbid=122132476167140851&set=a.122101962405140851,social_media,,,2026-06-28T03:05:28Z,error
2,true,0,https://www.liputan6.com/cek-fakta/read/7891164/cek-fakta-hoaks-artikel-jubir-esdm-minta-masyarakat-pakai-solar-saat-pertamax-naik-harga,news_site,Cek Fakta: Hoaks Artikel Jubir ESDM Minta Masyarakat Pakai Solar Saat Pertamax Naik Harga,"Liputan6.com, Jakarta - Tim Cek Fakta Liputan6.com menemukan postingan artikel Jubir Kementerian ESDM meminta masyarakat memakai solar setelah Pertamax naik harga. Postingan itu beredar sejak akhir pekan lalu. Salah satu akun ada yang mengunggahnya Threads. Akun itu mempostingnya pada 14 Juni 2026. BACA JUGA: Hoaks Pertamax Terkini, Isu Seputar Harga Jadi Sasaran BACA JUGA: Sindiran Bahlil, Mobilnya BMW Tapi Minta Subsidi BACA JUGA: Cek Fakta: Tidak Benar Bahlil Keluarkan Pernyataan Pertamax Jadi Rp 10.500 BACA JUGA: Ketegangan Geopolitik di Timur Tengah Mereda, Harga Pertamax Berpotensi Turun Dalam unggahannya terdapat tangkapan layar artikel berjudul: Advertisement ""Pertamax Jadi Rp 16.250 per Liter. Dwi Anggia, selaku Jubir Menteri ESDM: Ada Solar Yang Murah, Pakai Itu Saja. Sama-Sama BBM kan?"" Akun itu menambahkan narasi: ""Uang pajakmu yang semakin mencekik itu, selain dikorupsi juga buat menggaji orang-orang kualitas rendahan seperti ini"". Lalu benarkah postingan artikel Jubir Kementerian ESDM meminta masyarakat memakai solar setelah Pertamax naik harga? Penelusuran Fakta Cek Fakta Liputan6.com menelusuri dengan menghubungi Dwi Anggia, Juru Bicara Kementerian ESDM. Dia menjelaskan postingan tersebut tidak benar. ""Ini hoaks, saya tidak pernah mengeluarkan pernyataan seperti ini. Ada pihak yang dengan sengaja menyalahgunakan foto saya dan ditempel dengan caption hoaks, nama medianya juga ditulis dengan salah, Kompos.corn ,"" ujar Anggia saat dihubungi Senin (15/6/2026). ""Semoga masyarakat bisa lebih cerdas dan lebih bijak menyerap informasi yang beredar di media sosial. Dan tentunya penyebar fitnah dan hoaks ini harus mempertanggungjawabkan perbuatannya secara hukum, karena sudah menyebarkan berita bohong serta memprovokasi kemarahan publik,"" katanya menegaskan. Penelusuran dilanjutkan dengan menggunakan Google Images . Hasilnya ada artikel yang ditulis Kompas.com dengan foto yang sama namun dengan judul yang berbeda. Artikel itu diunggah Kompas.com pada 11 Juni 2026 dengan judul, ""Pertamax Jadi Rp 16.250 Per Liter, ESDM: Itu Masih di Bawah Harga Keekonomian"". Sumber: https://money.kompas.com/read/2026/06/11/174512626/pertamax-jadi-rp-16250-per-liter-esdm-itu-masih-di-bawah-harga-keekonomian. Advertisement Kesimpulan Postingan artikel Jubir Kementerian ESDM meminta masyarakat memakai solar setelah Pertamax naik harga adalah hoaks. Tentang Cek Fakta Liputan6.com Melawan hoaks sama saja melawan pembodohan. Itu yang mendasari kami membuat Kanal Cek Fakta Liputan6.com pada 2018 dan hingga kini aktif memberikan literasi media pada masyarakat luas. Sejak 2 Juli 2018, Cek Fakta Liputan6.com bergabung dalam International Fact Checking Network (IFCN) dan menjadi partner Facebook. Kami juga bagian dari inisiatif cekfakta.com. Kerja sama dengan pihak manapun, tak akan mempengaruhi independensi kami. Jika Anda memiliki informasi seputar hoaks yang ingin kami telusuri dan verifikasi, silahkan menyampaikan di email cekfakta.liputan6@kly.id. Ingin lebih cepat mendapat jawaban? Hubungi Chatbot WhatsApp Liputan6 Cek Fakta di 0811-9787-670. Advertisement Pertamax adalah salah satu jenis BBM yang digunakan di Indonesia. Lihat Selengkapnya pertamax Kementerian ESDM adalah Kementerian dalam Pemerintah Indonesia yang bergerak di bidang energi, dan sumber daya mineral. Lihat Selengkapnya Kementerian ESDM Solar esdm Cek Fakta Cek Fakta Liputan6.com Hoaks Hoax Advertisement Tim Cek Fakta, Adyaksa Vidi Tim Redaksi Share Copy Link Batalkan Add as a preferred source on Google Pentas Bola Dunia 2026 Inggris Kunci Juara Grup L, Kroasia dan Ghana Juga Lolos 20 menit yang lalu Inggris Juara Grup L Piala Dunia 2026, Kroasia Bekuk Ghana 25 menit yang lalu Manuel Ugarte Cedera di Piala Dunia 2026, MU Dapat Kompensasi Miliaran Rupiah dari FIFA 1 jam yang lalu Tempat Menonton Yordania vs Argentina di Piala Dunia 2026 1 jam yang lalu Tempat Menonton Aljazair vs Austria di Piala Dunia 2026 1 jam yang lalu Mohamed Salah Cedera di Piala Dunia 2026, Bagaimana Kondisinya? 1 jam yang lalu Link Live Streaming Piala Dunia 2026 Kolombia vs Portugal 1 jam yang lalu Panama vs Inggris Sudah Mulai, Dapatkan Link Live Streaming Piala Dunia 2026 2 jam yang lalu Kroasia vs Ghana Sedang Tanding, Dapatkan Link Live Streaming Piala Dunia 2026 2 jam yang lalu Tempat Menonton Kolombia vs Portugal di Piala Dunia 2026 3 jam yang lalu Link Live Streaming Piala Dunia 2026 Panama vs Inggris 3 jam yang lalu Tempat Menonton RD Kongo vs Uzbekistan di Piala Dunia 2026 3 jam yang lalu Lihat Selengkapnya Sindiran Bahlil, Mobilnya BMW Tapi Minta Subsidi Cek Fakta: Tidak Benar Bahlil Keluarkan Pernyataan Pertamax Jadi Rp 10.500 Ketegangan Geopolitik di Timur Tengah Mereda, Harga Pertamax Berpotensi Turun Gara-Gara Ini GAC Indonesia Tunda Peluncuran Mobil Baru Harga Pertamax Diproyeksikan Turun Jadi Rp 15.000 Qodari Sebut 95% Ojol Tak Terdampak Kenaikan Pertamax Penetapan Harga Pertamax Ikuti Mekanisme Pasar dan Formula Pemerintah Analis Tanggapi Penjelasan Seskab soal Kenaikan Harga Pertamax AS-Iran Berdamai, Harga Pertamax Seharusnya Turun",2026-06-28T03:05:31Z,ok
2,true,1,https://money.kompas.com/read/2026/06/11/174512626/pertamax-jadi-rp-16250-per-liter-esdm-itu-masih-di-bawah-harga-keekonomian.,news_site,"Pertamax Jadi Rp 16.250 Per Liter, ESDM: Itu Masih di Bawah Harga Keekonomian","Gabung Kompas.com+ Kompas.com Money Ekbis Pertamax Jadi Rp 16.250 Per Liter, ESDM: Itu Masih di Bawah Harga Keekonomian Kompas.com , 11 Juni 2026, 17:45 WIB Add on Google Yohana Artha Uly, Teuku Muhammad Valdy Arief Tim Redaksi Yohana Artha Uly Penulis Teuku Muhammad Valdy Arief Editor Lihat Foto Juru Bicara Kementerian ESDM Dwi Anggia saat ditemui di Kementerian ESDM, Jakarta, Kamis (11/6/2026). (KOMPAS.com/YOHANA ARTHA ULY) JAKARTA, KOMPAS.com - Kementerian Energi dan Sumber Daya Mineral (ESDM) menyebut harga Pertamax (RON 92) yang kini ditetapkan sebesar Rp 16.250 per liter, masih jauh di bawah harga keekonomiannya. Besaran harga Pertamax tersebut merupakan yang berlaku per 10 Juni 2026, naik dari sebelumnya hanya sebesar Rp 12.300 per liter. Juru Bicara Kementerian ESDM Dwi Anggia mengatakan, jika dibandingkan dengan harga bahan bakar minyak (BBM) yang mendekati atau setara RON 92 di berbagai negara lainnya, Pertamax masih di bawah harga riil Ia menyebut, harga BBM di negara-negara tetangga berkisar Rp 20.000-Rp 21.000 per liter, jauh di atas harga Pertamax yang sebesar Rp 16.250 per liter. ""Berbicara harga keekonomian untuk BBM non-subsidi, khususnya RON 92, kalau kita melihat negara tetangga itu di angka Rp 20.000-Rp 21.000. Jadi kenaikan atau penyesuaian yang dilakukan sekarang ini sebenarnya masih jauh di bawah harga keekonomian,"" ujar Anggia di Kementerian ESDM, Jakarta, Kamis (11/6/2026). Baca juga: Harga Pertamax Naik 32 Persen, Warga Beralih ke Transportasi Umum Berdasarkan catatan Kompas.com, harga BBM RON 92 di Singapura sebesar 3,39 dollar Singapura atau setara Rp 47.073 per liter. Lalu Thailand untuk BBM RON 91 seharga 42,73 baht atau setara Rp 23.272 per liter. Serta pada Filipina, harga BBM RON 91 sebesar Rp 86,74 peso atau setara Rp 25.600 per liter. Anggia menyebut, kebijakan menaikkan harga Pertamax dilakukan sejalan dengan kondisi minyak global yang sudah mengalami lonjakan akibat menanasnya konflik geopolitik di Timur Tengah. ""Kondisi geopolitik ini berlangsung sangat berdampak, mempengaruhi harga minyak yang sangat kuat jadinya. Makanya juga berdampak terhadap harga minyak di Tanah Air, khususnya BBM non-subsidi,"" kata dia. Ia menuturkan, Pertamax merupakan jenis BBM non-subsidi, sehingga penetapan harganya dapat mengikuti mekanisme pasar. Kondisi ini berbeda dengan BBM subsidi yang memang ditanggung pemerintah. Maka dari itu, harga Pertamax tidak dapat terus-menerus ditahan dan perlu disesuaikan agar disparitas harga jual dan keekonomiannya tidak semakin lebar yang dapat berdampak pada kondisi keuangan Pertamina. ""Ini adalah pilihan terbaik jalan tengah, agar dua-duanya bisa survive,"" ucap Anggia. Baca juga: ESDM Jelaskan Penyebab Pertamax Naik Jadi Rp 16.250 Per Liter Harga Pertamax tidak mengalami kenaikan sejak awal Maret 2026, alias terus ditahan. Sebelumnya, Chief Operating Officer (COO) Danantara Indonesia Dony Oskaria menyebut, sebagai BBM non-subsidi, harga Pertamax tidak seharusnya terus ditahan, sebab secara ketentuan perlu mengikuti mekanisme pasar. Ia bilang, kebijakan ini ditetapkan setelah mendapat persetujuan dari Kementerian ESDM. Serta harga yang Pertamax yang berlaku saat ini masih berada di bawah harga riil atau harga keekonomiannya. ""Itu pun sebetulnya kita hanya 50 persen dari harga riil-nya. Dan itu sudah melewati proses dengan Menteri ESDM, jadi Kementerian ESDM melalui Dirjen menyepakati untuk melakukan itu,"" ujar Dony di Gedung DPR RI, Jakarta, Rabu (10/6/2026). CATATAN REDAKSI : Artikel ini telah mengalami perubahan judul dari yang sebelumnya, yakni dari ""Pertamax Jadi Rp 16.250 Per Liter, ESDM: Itu Masih di Bawah Harga Pasar"" , menjadi ""Pertamax Jadi Rp 16.250 Per Liter, ESDM: Itu Masih di Bawah Harga Keekonomian"" . Sebab, diksi pada judul sebelumnya tidak sesuai dengan kutipan narasumber. Redaksi Kompas.com menyampaikan permohonan maaf kepada narasumber dan pembaca setia atas kesalahan pemilihan diksi tersebut. Kompas.com selalu berkomitmen menjalankan prinsip-prinsip jurnalisme profesional, sesuai kode etik, serta terbuka untuk berdialog dengan berbagai pihak demi menjaga kepercayaan publik. KOMPAS.com berkomitmen memberikan fakta jernih, tepercaya, dan berimbang. Dukung keberlanjutan jurnalisme jernih dan nikmati kenyamanan baca tanpa iklan melalui Membership. Gabung KOMPAS.com Plus sekarang Pertamax ESDM harga pertamax Lihat Money Selengkapnya Pilihan Untukmu Terkini Lainnya Harga Emas Antam di Pegadaian 28 Juni 2026, Berikut Daftar Terbarunya Ekbis 28/06/2026, 09:12 WIB Kemenhub Percepat Perpanjangan KRL Cikarang-Cikampek, Waktu Tempuh ke Jakarta Bakal Lebih Singkat Ekbis 28/06/2026, 09:12 WIB Cek Harga BBM Hari Ini 28 Juni 2026 di SPBU Pertamina Seluruh Provinsi Ekbis 28/06/2026, 09:05 WIB Harga Chip Memori Melonjak, Produsen Gadget Kecil Terancam Ekbis 28/06/2026, 08:41 WIB Mencari Keadilan dalam Pemajakan Digital Ekbis 28/06/2026, 08:32 WIB Lowongan Kerja PT Sucofindo 2026, Simak Syarat dan Cara Daftarnya Karier 28/06/2026, 08:28 WIB Purbaya Tambah Dana SAL ke Himbara, Bos Bank Mandiri: Perkuat Likuditas Perbankan Keuangan 28/06/2026, 08:07 WIB AS dan Iran Saling Tuding Langgar Gencatan Senjata Ekbis 28/06/2026, 07:37 WIB Komisi Ojol Dipangkas Jadi 8 Persen Mulai 1 Juli, Menhub: Langsung Berlaku! Industri 28/06/2026, 07:17 WIB Harga Emas Hari Ini di Pegadaian 28 Juni 2026: Galeri 24 dan UBS Naik Ekbis 28/06/2026, 07:16 WIB Harga Emas Antam Sepekan Turun Rp 8.000, Buyback Susut Rp 23.000 Ekbis 28/06/2026, 07:04 WIB Harga Emas Antam Hari Ini 28 Juni 2026, Cek Daftar Lengkapnya Ekbis 28/06/2026, 06:11 WIB Asing Masih Aksi Jual, IHSG dan Kapitalisasi Pasar BEI Anjlok di Atas 4,5 Persen Ekbis 28/06/2026, 06:05 WIB Patriot Bond Bukan Tax Amnesty, Purbaya: Perusahaan Tetap Diperiksa Ekbis 27/06/2026, 20:55 WIB Stok Batu Bara PLN Aman, ESDM Pastikan Ekspor Kembali Normal Ekbis 27/06/2026, 20:45 WIB 1 2 3 Next Baca berita tanpa iklan. Gabung Kompas.com+ Unduh Kompas.com App untuk berita terkini, akurat, dan tepercaya setiap saat Arahkan kamera ke kode QR ini untuk download app Baca berita tanpa iklan. Gabung Kompas.com+ Terpopuler 1 Cara Cek Desil dan Bansos 2026 Pakai NIK KTP lewat HP 2 OJK Wajibkan TAFS Benahi Proses Penagihan usai Kasus Debt Collector 3 Anggaran MBG Dipotong Lagi, Purbaya: Bisa di Bawah Rp 260 Triliun 4 Patriot Bond Bukan Tax Amnesty, Purbaya: Perusahaan Tetap Diperiksa 5 Nilai Tukar Rupiah ke Dollar AS 27 Juni 2026 di Bank Mandiri, BCA, dan BNI Baca berita tanpa iklan. Gabung Kompas.com+ Now Trending Update Klasemen Peringkat 3 Terbaik Piala Dunia 2026 Usai RD Kongo Comeback: Korsel Resmi Tersingkir Bukan Penyiksaan, yang Benar Saja Hasil Kolombia Vs Portugal 0-0: Ronaldo dkk Hadapi Kroasia di 32 Besar Rano: Warga Jakarta Sudah Makin Tertib, Kini Saatnya Pilah Sampah Hasil HT Kolombia Vs Portugal 0-0: Ronaldo dkk Dikepung, Sulit Cetak Gol AS Serang Iran Dua Hari Beruntun, Perdamaian di Ambang Kehancuran? Jokowi Turun Gunung dan Hukum Besi Siklus Kekuasaan Cerita Abdul Latif, Karyawan Padel yang Mengaku Mencuri demi Berhenti Dipukuli Komentar di Artikel Lainnya Baca berita tanpa iklan. Gabung Kompas.com+ RATU Tuntaskan Akuisisi Madura Strait PSC, Perkuat Bisnis Migas https://money.kompas.com/read/2026/06/11/173027926/ratu-tuntaskan-akuisisi-madura-strait-psc-perkuat-bisnis-migas https://asset.kompas.com/crops/bZsWTy3EVQkgRfjtP7uOVdMQYSI=/0x30:1280x883/195x98/data/photo/2026/02/20/699864f6a9186.jpeg Mungkin Anda melewatkan ini RATU Tuntaskan Akuisisi Madura Strait PSC, Perkuat Bisnis Migas Usai BI Rate Naik 75 Bps, Bank Masih Tahan Kenaikan Bunga KPR Harga Pertamax Naik 32 Persen, Warga Beralih ke Transportasi Umum IHSG Drop 16 Poin ke 5.886,03, BBCA Masuk Top Gainers Mengapa Tyo Nugros Dicekal ke Luar Negeri? Kemenkeu Beri Penjelasan Close Ads Penghargaan dan sertifikat: Dapatkan informasi dan insight pilihan redaksi Kompas.com Daftarkan Email Kanal News Nasional Global Megapolitan Regional Pemilu IKN Bola Tekno Otomotif Entertainment Sains Health Money Tren Properti Lifestyle Hype Travel Homey Food UMKM Edukasi Parapuan Foto Video Kolom VIK JEO Lestari Ohayo Jepang Event Store Pesona Indonesia Play Artikel Terpopuler Artikel Terkini Topik Pilihan Artikel Headline Network Kompas.com Harian KOMPAS KompasTV Kompasiana KG Media KGNow! Pasangiklan.com Kontan Sonora Grid.ID GridOto.com BolaSport.com Parapuan Tribunnews Gramedia.com Gramedia Digital Kabar Palmerah About Us Advertise Ketentuan Penggunaan Kebijakan Data Pribadi Pedoman Media Siber Career Contact Us Copyright 2008 - 2026 PT. Kompas Cyber Media (Kompas Gramedia Digital Group). All Rights Reserved. Bagikan artikel ini melalui Facebook X Whatsapp Line Telegram Copy Link Oke Apresiasi Spesial Beli dan kirimkan Apresiasi Spesial untuk mendukung Jurnalisme Jernih KOMPAS.com Apresiasi Spesial Syarat dan ketentuan Definisi Apresiasi Spesial adalah fitur dukungan dari pembaca kepada KOMPAS.com dalam bentuk kontribusi finansial melalui platform resmi kami. Kontribusi ini bersifat sukarela dan tidak memberikan hak kepemilikan atau kendali atas konten maupun kebijakan redaksi. Penggunaan kontribusi Seluruh kontribusi akan digunakan untuk mendukung keberlangsungan layanan, pengembangan konten, dan operasional redaksi. KOMPAS.com tidak berkewajiban memberikan laporan penggunaan dana secara individual kepada setiap kontributor. Pesan & Komentar Pembaca dapat menyertakan pesan singkat bersama kontribusi. Pesan dalam kolom komentar akan melewati kurasi tim KOMPAS.com Pesan yang bersifat ofensif, diskriminatif, mengandung ujaran kebencian, atau melanggar hukum dapat dihapus oleh KOMPAS.com tanpa pemberitahuan. Hak & Batasan Apresiasi Spesial tidak dapat dianggap sebagai langganan, iklan, investasi, atau kontrak kerja sama komersial. Kontribusi yang sudah dilakukan tidak dapat dikembalikan (non-refundable). KOMPAS.com berhak menutup atau menonaktifkan fitur ini sewaktu-waktu tanpa pemberitahuan sebelumnya. Privasi & Data Data pribadi kontributor akan diperlakukan sesuai dengan kebijakan privasi KOMPAS.com. Informasi pembayaran diproses oleh penyedia layanan pihak ketiga sesuai dengan standar keamanan yang berlaku. Pernyataan Dengan menggunakan Apresiasi Spesial, pembaca dianggap telah membaca, memahami, dan menyetujui syarat & ketentuan ini. Batasan tanggung jawab KOMPAS.com tidak bertanggung jawab atas kerugian langsung maupun tidak langsung yang timbul akibat penggunaan fitur ini. Kontribusi tidak menciptakan hubungan kerja, kemitraan maupun kewajiban kontraktual lain antara Kontributor dan KOMPAS.com Gagal mengirimkan Apresiasi Spesial Transaksimu belum berhasil. Coba kembali beberapa saat lagi. Lanjut membaca Coba lagi Kamu telah berhasil mengirimkan Apresiasi Spesial Terima kasih telah menjadi bagian dari Jurnalisme KOMPAS.com Lihat pesanmu Lanjut membaca Login untuk memaksimalkan pengalaman mengakses Kompas.com Continue with Google Continue with Google atau Gunakan metode lain Dengan login, kamu menyetujui Kebijakan Data Pribadi",2026-06-28T03:05:33Z,ok
2,true,2,https://web.facebook.com/photo/?fbid=122132476167140851&set=a.122101962405140851,social_media,,,2026-06-28T03:05:35Z,error
2,true,3,https://archive.ph/uyrOd,archive,,,2026-06-28T03:05:38Z,error
3,false,0,https://vt.tiktok.com/ZSQXecxNK/,social_media,,,2026-06-28T03:05:40Z,error
3,true,0,https://sariroti.com/id/karir,news_site,Waspada Penipuan,Waspada Penipuan PT Nippon Indosari Corpindo Tbk. tidak pernah meminta uang/pembayaran dalam bentuk apapun dari pelamara pada proses rekutmen. Mohon berhati-hati dengan segala bentuk penipuan dengan cara sebagai berikut : * Lakukan verifikasi alamat perusahaan pada www.sariroti.com * Cek Kebenaran sumber informasi dengan menghubungi recruitment.ho@sariroti.com * Follow LinkedIn PT Nippon Indosari Corpindo Tbk . untuk mendapatkan informasi lowongan kerja terbaru. recruitment.ho@sariroti.com SariRoti_RotinyaIndonesia sariroti.com Sari Roti Rotinya Indonesia PT Nippon Indosari Corpindo Tbk Bersiap untuk bergabung bersama keluarga besar Sari Roti Lihat Lowongan Kerja Kami menyambut Anda yang bertalenta dan memiliki latar belakang profesional untuk bertumbuh bersama kami. Komitmen kami adalah untuk mengembangkan dan mempertahankan tenaga kerja yang mencerminkan nilai – nilai perusahaan. Serba serbi bekerja di Sari Roti,2026-06-28T03:05:42Z,ok
3,true,1,https://www.linkedin.com/company/pt-nippon-indosari-corpindo-tbk/,social_media,,"Langsung ke konten utama PT Nippon Indosari Corpindo Tbk Manufaktur Makanan dan Minuman Bekasi, Jawa Barat 770.265 pengikut Lihat pekerjaan Ikuti Lihat seluruh 4.785 karyawan Laporkan perusahaan ini Tentang kami PT Nippon Indosari Corpindo Tbk (kode emiten: ROTI) merupakan perusahaan produsen roti dengan merek ""Sari Roti, Sari Kue, Sari Choco dan Indosari Food Solutions"" yang berdiri pada tahun 1995, berkomitmen untuk senantiasa memproduksi dan mendistribusikan beragam produk yang halal, berkualitas tinggi, aman dikonsumsi, dan terjangkau bagi seluruh Konsumen Indonesia. Sebagai bentuk komitmen terhadap Konsumen, Perseroan menerapkan standar ISO Sistem Manajemen Keamanan Pangan dan Sistem Manajemen Mutu. Saat ini Perseroan mengoperasikan 15 pabrik di Indonesia yang berlokasi di Bekasi (Cikarang dan Cibitung), Pasuruan, Semarang, Medan, Palembang, Makassar, Cikande, Purwakarta, Batam, Gresik, Balikpapan, Banjarmasin dan Pekanbaru. Seluruh produk Sari Roti telah terdaftar melalui Badan Pengawas Obat dan Makanan Indonesia serta memperoleh sertifikat Halal yang dikeluarkan oleh LPPPOM Majelis Ulama Indonesia. Website http://www.sariroti.com Link eksternal untuk PT Nippon Indosari Corpindo Tbk Industri Manufaktur Makanan dan Minuman Ukuran perusahaan 5.001-10.000 karyawan Kantor Pusat Bekasi, Jawa Barat Jenis Perusahaan Publik Tahun Pendirian 1995 Karyawan di PT Nippon Indosari Corpindo Tbk Randall David Paath LinkedIn Member LinkedIn Member LinkedIn Member LinkedIn Member LinkedIn Member Lihat 5k karyawan di PT Nippon Indosari Corpindo Tbk Selamat datang kembali Dengan mengklik Lanjutkan untuk bergabung atau login, Anda menyetujui Perjanjian Pengguna , Kebijakan Privasi , dan Kebijakan Cookie LinkedIn. Baru bergabung di LinkedIn? Bergabung sekarang atau Dengan mengklik Lanjutkan untuk bergabung atau login, Anda menyetujui Perjanjian Pengguna , Kebijakan Privasi , dan Kebijakan Cookie LinkedIn. Lihat semua karyawan Lokasi Utama Kawasan Industri MM2100, Jalan Selayar, Desa Mekarwangi Blok A9 Bekasi, Jawa Barat 17530, ID Dapatkan petunjuk arah Update PT Nippon Indosari Corpindo Tbk 770.265 pengikut 1 hari Laporkan postingan ini Tim yang seru atau tim yang produktif? 🤔 Pernah gak sih kerja bareng tim yang suasananya seru banget, tapi kerjaannya tetap jalan? Atau justru tim yang fokus banget sama target dan hasil? Idealnya sih dua-duanya ya 😄 Tapi kalau harus pilih, kamu lebih suka yang mana? Yuk vote dan share pendapat kamu di kolom komentar! Menurut kamu, apa yang bikin sebuah tim bisa tetap produktif tanpa kehilangan keseruannya? #ROTI #SemangatROTI #SariRoti #SariKue #SariChoco #RotinyaIndonesia #Teamwork #WorkCulture #LinkedInPolling #EmployeeExperience #Collaboration #CareerGrowth 17 2 Komentar Suka Komentar Bagikan PT Nippon Indosari Corpindo Tbk 770.265 pengikut 2 hari Laporkan postingan ini Hi Career Seekers! 👋 Saat ini PT Nippon Indosari Corpindo Tbk membuka kesempatan bagi kamu yang ingin berkembang di industri FMCG untuk posisi berikut: 📌Sub Section Head Scalling - Palembang, Sumatera Selatan Apply di sini: https://lnkd.in/gsXhVYVw ⚠️ Proses rekrutmen tidak dipungut biaya apa pun dan tidak bekerja sama dengan pihak travel. Dan hanya kandidat terpilih yang akan dihubungi untuk tahap selanjutnya. Ingin melihat lowongan lainnya di Sari Roti? Silakan cek di sini: https://lnkd.in/gBb_wwVt #ROTI #SemangatROTI #SariRoti #SariKue #SariChoco #RotinyaIndonesia #LokerSariRoti #LifeAtSariRoti 64 1 Komentar Suka Komentar Bagikan PT Nippon Indosari Corpindo Tbk 770.265 pengikut 3 hari Laporkan postingan ini Hi Career Seekers! 👋 Saat ini PT Nippon Indosari Corpindo Tbk membuka kesempatan bagi kamu yang ingin berkembang di industri FMCG untuk posisi berikut: 📌Operator Utility - Semarang, Jawa Tengah Apply di sini: https://lnkd.in/gvF4asbA ⚠️ Proses rekrutmen tidak dipungut biaya apa pun dan tidak bekerja sama dengan pihak travel. Dan hanya kandidat terpilih yang akan dihubungi untuk tahap selanjutnya. Ingin melihat lowongan lainnya di Sari Roti? Silakan cek di sini: https://lnkd.in/gARrgQDK #ROTI #SemangatROTI #SariRoti #SariKue #SariChoco #RotinyaIndonesia #LokerSariRoti #LifeAtSariRoti #LokerSemarang 69 4 Komentar Suka Komentar Bagikan PT Nippon Indosari Corpindo Tbk 770.265 pengikut 4 hari Laporkan postingan ini Tim yang efektif gak selalu yang paling ramai atau paling besar, loh ~ Yuk cek slide ini, lalu share di komentar.. Menurut kamu, apa tanda sebuah tim sudah bekerja dengan efektif? 🤝 #ROTI #SemangatROTI #SariRoti #SariKue #SariChoco #RotinyaIndonesia #Teamwork #Kolaborasi #WorkCulture #DuniaKerja #FMCG #EmployerBranding #CareerGrowth #TeamDevelopment 35 Suka Komentar Bagikan PT Nippon Indosari Corpindo Tbk 770.265 pengikut 5 hari Diedit Laporkan postingan ini Hi Career Seekers! 👋 Saat ini PT Nippon Indosari Corpindo Tbk membuka kesempatan bagi kamu yang ingin berkembang di industri FMCG untuk posisi berikut: 📌Administration FG - Makassar, Sulawesi Selatan Apply di sini: https://lnkd.in/gNZEudgk ⚠️ Proses rekrutmen tidak dipungut biaya apa pun dan tidak bekerja sama dengan pihak travel. Dan hanya kandidat terpilih yang akan dihubungi untuk tahap selanjutnya. Ingin melihat lowongan lainnya di Sari Roti? Silakan cek di sini: https://lnkd.in/gBb_wwVt #ROTI #SemangatROTI #SariRoti #SariKue #SariChoco #RotinyaIndonesia #LokerSariRoti #LifeAtSariRoti 98 17 Komentar Suka Komentar Bagikan PT Nippon Indosari Corpindo Tbk 770.265 pengikut 5 hari Laporkan postingan ini Hi LinkedIn! 👋 Tim yang solid gak hanya dibangun dari kemampuan anggotanya, tapi juga dari rasa percaya satu sama lain. Karena saat ada kepercayaan, komunikasi jadi lebih terbuka, kolaborasi lebih lancar, dan tujuan bersama lebih mudah dicapai. 👉 Yuk cek slide ini dan lihat cara sederhana untuk membangun kepercayaan dalam tim. #ROTI #SemangatROTI #SariRoti #SariKue #SariChoco #RotinyaIndonesia #Teamwork #WorkCulture #ProfessionalGrowth #WorkTips #Leadership #LinkedInIndonesia #CollaborationSkills 30 Suka Komentar Bagikan PT Nippon Indosari Corpindo Tbk 770.265 pengikut 1 mgg Diedit Laporkan postingan ini Hi Career Seekers! 👋 Saat ini PT Nippon Indosari Corpindo Tbk membuka kesempatan bagi kamu yang ingin berkembang di industri FMCG untuk posisi berikut: 📌Section Head GL Account - Medan, Sumatera Utara Apply di sini: https://lnkd.in/gmr_pD66 ⚠️ Proses rekrutmen tidak dipungut biaya apa pun dan tidak bekerja sama dengan pihak travel. Dan hanya kandidat terpilih yang akan dihubungi untuk tahap selanjutnya. Ingin melihat lowongan lainnya di Sari Roti? Silakan cek di sini: https://lnkd.in/gBb_wwVt #ROTI #SemangatROTI #SariRoti #SariKue #SariChoco #RotinyaIndonesia #LokerSariRoti #LifeAtSariRoti 83 7 Komentar Suka Komentar Bagikan PT Nippon Indosari Corpindo Tbk 770.265 pengikut 1 mgg Laporkan postingan ini Pernah gak sih...lagi diskusi atau kerja bareng tim, tapi ternyata pendapatnya beda-beda? 😅 Di situ biasanya kemampuan kompromi jadi penting supaya tetap bisa menemukan jalan tengah. Yuk vote dan share insight kamu! Menurut kamu, kapan kompromi itu penting dan kapan harus tetap mempertahankan pendapat? #ROTI #SemangatROTI #SariRoti #SariKue #SariChoco #RotinyaIndonesia #Teamwork #WorkCulture #LinkedInPolling #Collaboration #CommunicationSkills #CareerGrowth 12 2 Komentar Suka Komentar Bagikan PT Nippon Indosari Corpindo Tbk 770.265 pengikut 1 mgg Laporkan postingan ini Hi Career Seekers! 👋 Saat ini PT Nippon Indosari Corpindo Tbk membuka kesempatan bagi kamu yang ingin berkembang di industri FMCG untuk posisi berikut: 📌Section Head Production - Makassar, Sulawesi Selatan Apply di sini: https://lnkd.in/gzbCfZ7j ⚠️ Proses rekrutmen tidak dipungut biaya apa pun dan tidak bekerja sama dengan pihak travel. Dan hanya kandidat terpilih yang akan dihubungi untuk tahap selanjutnya. Ingin melihat lowongan lainnya di Sari Roti? Silakan cek di sini: https://lnkd.in/gARrgQDK #ROTI #SemangatROTI #SariRoti #SariKue #SariChoco #RotinyaIndonesia #LokerSariRoti #LifeAtSariRoti #LokerMakassar 76 5 Komentar Suka Komentar Bagikan PT Nippon Indosari Corpindo Tbk 770.265 pengikut 1 mgg Laporkan postingan ini Punya tujuan yang sama belum tentu cukup kalau setiap tim bergerak sendiri-sendiri. Yuk cek slide ini dan lihat kenapa kolaborasi punya peran penting dalam kelancaran operasional. 💬 Menurut kamu, apa yang paling penting agar kerja sama antar tim tetap berjalan baik? #ROTI #SemangatROTI #SariRoti #SariKue #SariChoco #RotinyaIndonesia #Teamwork #Kolaborasi #FMCG #WorkCulture #DuniaKerja #EmployerBranding #Communication #CareerGrowth 26 2 Komentar Suka Komentar Bagikan Bergabunglah sekarang untuk melihat apa yang Anda lewatkan Temukan orang yang Anda kenal di PT Nippon Indosari Corpindo Tbk Telusuri rekomendasi pekerjaan untuk Anda Lihat semua update, berita, dan artikel Bergabung sekarang Halaman serupa PT Frisian Flag Indonesia Manufaktur Jakarta Timur, DKI Jakarta PT Indofood Sukses Makmur Tbk Manufaktur Jakarta, Jakarta Cimory Group Manufaktur Jakarta Barat, DKI Jakarta PT. Garudafood Putra Putri Jaya, Tbk Manufaktur Jakarta, DKI Jakarta PT. Mayora Indah Tbk Jasa Penyedia Makanan dan Minuman ParagonCorp Barang Konsumsi South Jakarta, DKI Jakarta PT. Tirta Fresindo Jaya (Mayora Group) Jasa Penyedia Makanan dan Minuman PT Kobe Boga Utama Jasa Penyedia Makanan dan Minuman Tangerang, Banten PT Kalbe Farma, Tbk Manufaktur Farmasi Jakarta, DKI Jakarta PT. Ajinomoto Indonesia Manufaktur Makanan dan Minuman Sunter Agung, Jakarta Telusuri pekerjaan Pekerjaan Manajer Marketing 106.879 lowongan Pekerjaan Spesialis Sumber Daya Manusia 34.340 lowongan Pendanaan PT Nippon Indosari Corpindo Tbk Total 1 putaran Putaran Terakhir Ekuitas pasca IPO 27 Nov 2017 Link Crunchbase Eksternal untuk putaran terakhir pendanaan US$74.000.000,00 Investor Kohlberg Kravis Roberts Lihat informasi selengkapnya di crunchbase Pekerjaan Manajer Penjualan Pekerjaan Manajer Marketing Pekerjaan Spesialis Marketing Pekerjaan Project Manager Pekerjaan Analis Data Pekerjaan Spesialis Sumber Daya Manusia Pekerjaan Akuntan Login untuk melihat orang yang sudah Anda kenal di PT Nippon Indosari Corpindo Tbk atau Baru bergabung di LinkedIn? Bergabung sekarang Dengan mengklik Lanjutkan untuk bergabung atau login, Anda menyetujui Perjanjian Pengguna , Kebijakan Privasi , dan Kebijakan Cookie LinkedIn.",2026-06-28T03:05:44Z,ok
3,true,2,https://vt.tiktok.com/ZSQXecxNK/,social_media,,,2026-06-28T03:05:46Z,error
3,true,3,http://archive.today/86CAq,archive,,,2026-06-28T03:05:49Z,error
4,false,0,https://vt.tiktok.com/ZSxg3vfWf/,social_media,,,2026-06-28T03:05:53Z,js_redirect
4,true,0,https://karir.adhi.co.id/,news_site,,,2026-06-28T03:05:55Z,timeout
4,true,1,https://www.instagram.com/p/CXX9V6JhfX5/?igsh=dWpucXFrN3Bsa3F1,social_media,,,2026-06-28T03:07:02Z,error
4,true,2,https://www.instagram.com/adhikaryaid?igsh=dmZobjIwYjI4b29o,social_media,,,2026-06-28T03:07:04Z,error
4,true,3,https://x.com/adhikaryaID,social_media,,"Masuk Daftar ADHI 8,208 posts ADHI @adhikaryaID Official Twitter Account of PT Adhi Karya (Persero) Tbk. | Jalan Raya Pasar Minggu Km. 18, Jakarta. 12510. | 021 797 5312 Pasar Minggu, Indonesia Born March 11, 1960 Bergabung July 2015 43 Mengikuti 9,392 Pengikut ADHI @adhikaryaID 24 Jan 2020 #SobatADHI jangan kaget jika jalanan yang kamu lintasi tiba-tiba mengeluarkan nada. Sebab, Tol Trans Jawa sekarang sudah memiliki ini! #LiterasiADHI #ADHIKarya #BeyondConstruction 00:00 ADHI @adhikaryaID 28 Apr 2019 Selamat Hari K3 Sedunia! Coba tebak berapakah jumlah helm proyek yang ada pada gambar? Berikan jawabanmu dengan reply twwet ini dan raih uang elektronik senilai 100 ribu bagi peserta yang beruntung S&K: bit.ly/2XLPA9m #KuisADHI #ADHIKarya #BeyondConstruction ADHI @adhikaryaID 5 Jan 2020 #SobatADHI , coba tebak ada berapa logo ADHI yang tersembunyi? Jawab di kolomentar dan raih hadiah uang elektronik senilai 100 ribu Rupiah. . S&K bit.ly/36nBikg #KuisADHI ⁣⁣⁣⁣⁣⁣⁣⁣⁣⁣⁣ #ADHIKarya ⁣⁣⁣⁣⁣⁣⁣⁣⁣⁣⁣ #BeyondConstruction ADHI @adhikaryaID 11 Apr 2019 #SobatADHI , salah satu pembangunan tol yang sedang dikerjakan oleh ADHI yakni pembangunan Tol Cisumdawu yang direncanakan dapat rampung saat lebaran 2019. #EngineeredbyADHI #ADHIKarya #BeyondConstruction ADHI @adhikaryaID 16 Jun 2019 Sobat, coba tebak kata apakah yang dimaksud dalam gambar? Jawab dengan balas tweet ini dan raih uang elektronik senilai 100 ribu. S&K bit.ly/2Zy47Xn #KuisADHI #ADHIKarya #BeyondConstruction ADHI @adhikaryaID 6 Jan 2019 Sobat, bantu ADHI untuk merangkai kata- kata yang tepat yang terdapat dalam gambar yuk! Jawab dengan reply tweet ini dan menangkan uang elektronik senilai 100.000 bagi peserta yang beruntung. S&K bit.ly/2Ax6G1D #KuisADHI #ADHIKarya #BeyondConstruction ADHI @adhikaryaID 10 Mar 2019 Sobat, mau dapat uang elektronik dari ADHI? Tebak gambar berikut dan jawab dengan reply tweet ini ya! Bagi Sobat yang beruntung akan mendapatkan uang elektronik senilai 100 ribu. S&K: bit.ly/2XN98v6 #KuisADHI #ADHIKarya #BeyondConstruction ADHI @adhikaryaID 3 Apr 2019 Sobat coba tebak apakah arti dari kata Istiqlal? Menangkan uang elektronik senilai 100 ribu bagi 5 peserta yang beruntung! S&K bit.ly/2uGkzan #IsraMiraj2019 #IsraMiraj #ADHIKarya #BeyondConstruction ADHI @adhikaryaID 8 Sep 2019 Sobat, coba tebak jawaban yang tepat pada pertanyaan di gambar? Jawab dengan balas twit ini dan raih uang elektronik senilai 100 ribu Rupiah. ⁣ S&K bit.ly/2lIiFEW #KuisADHI ⁣⁣ #ADHIKarya ⁣⁣ #BeyondConstruction ⁣ ADHI @adhikaryaID 21 Jul 2019 Coba tebak jawaban apakah yang tepat dari 5 pertanyaan tersebut? 5 pertanyaan pada gambar memiliki jawaban yang sama lho! Bagi Sobat yang beruntung akan mendapatkan uang elektronik senilai 100 ribu. S&K: bit.ly/2XWwq5h #KuisADHI #ADHIKarya #BeyondConstruction ADHI @adhikaryaID 7 Mar 2019 Waktunya raih hadiah dari ADHI! SobatADHI, ayo tebak 5 perbedaan dari 2 foto berikut! Menangkan uang elektronik senilai ratusan ribu rupiah. S&K: bit.ly/2TCy5Kk #KuisADHI #ADHIKarya #BeyondConstruction ADHI @adhikaryaID 12 Mei 2019 Sobat, coba tebak terdapat pada nomor berapakah LRT berada? Jawab dengan balas tweet ini dan raih uang elektronik berupa Tap Cash senilai 100 ribu. S&K: bit.ly/2vTUwNL #KuisADHI #ADHIKarya #BeyondConstruction 00:00 ADHI @adhikaryaID 19 Mei 2019 Sobat, coba tebak masjid manakah yang sedang ADHI bangun? Bagi Sobat yang beruntung akan mendapatkan uang elektronik berupa Tap Cash senilai 100 ribu. Jawab dengan reply tweet ini ya! S&K bit.ly/2JNyLHC #KuisADHI #ADHIKarya #BeyondConstruction ADHI @adhikaryaID 21 Apr 2019 Sobat, lengkapi kalimat berikut dan raih uang elektronik senilai 100 ribu rupiah! Baca Syarat & Ketentuan disini ya! bit.ly/2GAGqXP #KartiniDay #KuisADHI #ADHIKarya #BeyondConstruction Don't miss what's happening Orang-orang di X tahu lebih dulu. Masuk Daftar",2026-06-28T03:07:06Z,ok
4,true,4,https://youtube.com/@adhikaryaid?si=2ziDKwtj30SFRGF9,social_media,,Tentang Pers Hak cipta Hubungi kami Kreator Beriklan Developer Persyaratan Privasi Kebijakan & Keamanan Cara kerja YouTube Uji fitur baru © 2026 Google LLC,2026-06-28T03:07:09Z,ok
4,true,5,https://vt.tiktok.com/ZSxg3vfWf/,social_media,,,2026-06-28T03:07:11Z,js_redirect
4,true,6,http://archive.today/fjKN6,archive,,,2026-06-28T03:07:13Z,error
